-- liquibase formatted sql
-- changeset zhiyuan.huang:1
-- 插入组织机构表
INSERT INTO organization VALUES(1, -1, '桃源派出所', '桃源派出所', '', '', 1, 1, CURRENT_TIMESTAMP, null, 'tysqyh');
INSERT INTO organization VALUES(2, 1, '支援队', '支援队', '', '', 1, null, CURRENT_TIMESTAMP, null, 'tysqyh');
INSERT INTO organization VALUES(3, 1, '户政室', '户政室', '', '', 1, null, CURRENT_TIMESTAMP, null, 'tysqyh');
INSERT INTO organization VALUES(4, 1, '枪管组', '枪管组', '', '', 1, null, CURRENT_TIMESTAMP, null, 'tysqyh');
INSERT INTO organization VALUES(5, 1, '前台值班', '前台值班', '', '', 1, null, CURRENT_TIMESTAMP, null, 'tysqyh');
INSERT INTO organization VALUES(6, 1, '消防组', '消防组', '', '', 1, null, CURRENT_TIMESTAMP, null, 'tysqyh');
INSERT INTO organization VALUES(7, 1, '情指室', '情指室', '', '', 1, null, CURRENT_TIMESTAMP, null, 'tysqyh');
INSERT INTO organization VALUES(8, 1, '重案队', '重案队', '', '', 1, null, CURRENT_TIMESTAMP, null, 'tysqyh');
INSERT INTO organization VALUES(9, 1, '结案组', '结案组', '', '', 1, null, CURRENT_TIMESTAMP, null, 'tysqyh');
INSERT INTO organization VALUES(10, 1, '技术队', '技术队', '', '', 1, null, CURRENT_TIMESTAMP, null, 'tysqyh');
INSERT INTO organization VALUES(11, 32, '侦办一队', '侦办一队', '', '', 1, null, CURRENT_TIMESTAMP, null, 'tysqyh');
INSERT INTO organization VALUES(12, 32, '侦办二队', '侦办二队', '', '', 1, null, CURRENT_TIMESTAMP, null, 'tysqyh');
INSERT INTO organization VALUES(13, 32, '侦办三队', '侦办三队', '', '', 1, null, CURRENT_TIMESTAMP, null, 'tysqyh');
INSERT INTO organization VALUES(14, 32, '侦办四队', '侦办四队', '', '', 1, null, CURRENT_TIMESTAMP, null, 'tysqyh');
INSERT INTO organization VALUES(15, 1, '治安组', '治安组', '', '', 1, null, CURRENT_TIMESTAMP, null, 'tysqyh');
INSERT INTO organization VALUES(16, 1, '巡逻队', '巡逻队', '', '', 1, null, CURRENT_TIMESTAMP, null, 'tysqyh');
INSERT INTO organization VALUES(17, 1, '巡防大队', '巡防大队', '', '', 1, null, CURRENT_TIMESTAMP, null, 'tysqyh');
INSERT INTO organization VALUES(18, 33, '峰景社区', '峰景社区', '', '', 1, null, CURRENT_TIMESTAMP, null, 'tysqyh');
INSERT INTO organization VALUES(19, 33, '龙辉社区', '龙辉社区', '', '', 1, null, CURRENT_TIMESTAMP, null, 'tysqyh');
INSERT INTO organization VALUES(20, 33, '平山社区', '平山社区', '', '', 1, null, CURRENT_TIMESTAMP, null, 'tysqyh');
INSERT INTO organization VALUES(21, 33, '龙井社区', '龙井社区', '', '', 1, null, CURRENT_TIMESTAMP, null, 'tysqyh');
INSERT INTO organization VALUES(22, 33, '工业南社区', '工业南社区', '', '', 1, null, CURRENT_TIMESTAMP, null, 'tysqyh');
INSERT INTO organization VALUES(23, 33, '桃源社区', '桃源社区', '', '', 1, null, CURRENT_TIMESTAMP, null, 'tysqyh');
INSERT INTO organization VALUES(24, 33, '工业北社区', '工业北社区', '', '', 1, null, CURRENT_TIMESTAMP, null, 'tysqyh');
INSERT INTO organization VALUES(25, 33, '珠光社区', '珠光社区', '', '', 1, null, CURRENT_TIMESTAMP, null, 'tysqyh');
INSERT INTO organization VALUES(26, 33, '新屋社区', '新屋社区', '', '', 1, null, CURRENT_TIMESTAMP, null, 'tysqyh');
INSERT INTO organization VALUES(27, 33, '龙联社区', '龙联社区', '', '', 1, null, CURRENT_TIMESTAMP, null, 'tysqyh');
INSERT INTO organization VALUES(28, 33, '龙珠社区', '龙珠社区', '', '', 1, null, CURRENT_TIMESTAMP, null, 'tysqyh');
INSERT INTO organization VALUES(29, 33, '光前社区', '光前社区', '', '', 1, null, CURRENT_TIMESTAMP, null, 'tysqyh');
INSERT INTO organization VALUES(30, 8, '重案一队', '重案一队', '', '', 1, null, CURRENT_TIMESTAMP, null, 'tysqyh');
INSERT INTO organization VALUES(31, 8, '重案二队', '重案二队', '', '', 1, null, CURRENT_TIMESTAMP, null, 'tysqyh');
INSERT INTO organization VALUES(32, 1, '侦办队', '侦办队', '', '', 1, null, CURRENT_TIMESTAMP, null, 'tysqyh');
INSERT INTO organization VALUES(33, 1, '社区队', '社区队', '', '', 1, null, CURRENT_TIMESTAMP, null, 'tysqyh');
INSERT INTO organization VALUES(34, 1, '临时车辆组', '用于管理值班所领导调配车辆', '', '', 1, null, CURRENT_TIMESTAMP, null, 'tysqyh');
INSERT INTO organization VALUES(35, -1, '系统组织', '用于各个企业号共用的功能，比如共用角色', '', '', 1, null, CURRENT_TIMESTAMP, null, 'system');

-- 插入到车表
INSERT INTO car VALUES(1, '粤B/2065警','小型普通客车','瑞风','白色',7, '2008-8-1' ,9,'9年车龄，车况一般');
INSERT INTO car VALUES(2, '粤OB1903','小型轿车','卡罗拉','白色',5, '2012-2-1' ,5,'5年车龄，车况良好');
INSERT INTO car VALUES(3, '粤OB1902','小型轿车','卡罗拉','白色',5, '2012-2-1' ,5,'情指室用，5年车龄，车况良好');
INSERT INTO car VALUES(4, '粤B/3630警','小型普通客车','金杯格瑞斯','白色',9, '2013-12-1' ,4,'4年车龄，车况良好');
INSERT INTO car VALUES(5, '粤OB1747','小型普通客车','江淮','黑色',7, '2008-3-1' ,9,'9年车龄，车况一般');
INSERT INTO car VALUES(6, '粤BPM942','小型轿车','天籁','黑',5, '2006-6-12' ,11,'11年车龄，车况尚好');
INSERT INTO car VALUES(7, '粤BPK389','小型轿车','天籁','黑',5, '2006-6-7' ,11,'11年车龄，车况良好');
INSERT INTO car VALUES(8, '临粤B645TP','押解车','大通牌','兰白',7, '2017-2-26' ,0,'新分配的车。押送嫌疑人用（A牌）');
INSERT INTO car VALUES(9, '粤B/2711警','小型轿车','卡罗拉','白色',5, '2010-4-1' ,7,'6年车龄，车况良好。技术队');
INSERT INTO car VALUES(10, '粤OB1700','小型普通客车','江淮','黑色',9, '2007-4-1' ,10,'治安组用。10年车龄，车况一般');
INSERT INTO car VALUES(11, '粤OB1487','小型轿车','雅阁','墨绿色',5, '2004-4-1' ,13,'13年车龄，车况一般');
INSERT INTO car VALUES(12, '粤B/2783警','中型普通客车（9号车）','全顺','白色',15, '2010-9-1' ,7,'9号车。7年车龄，车况较差');
INSERT INTO car VALUES(13, '粤B/3068警','中型普通客车（9号车）','全顺','白色',15, '2011-4-1' ,6,'9号车备用车。6年车龄，车况良好');
INSERT INTO car VALUES(14, '粤B4108警','小型轿车','比亚迪（电）','白色',5, '2013-10-1' ,4,'4年车龄，车况尚好');
INSERT INTO car VALUES(15, '粤B4109警','小型轿车','比亚迪（电）','白色',5, '2013-10-1' ,4,'4年车龄，车况尚好');
INSERT INTO car VALUES(16, '粤B4110警','小型轿车','比亚迪（电）','白色',5, '2013-10-1' ,4,'4年车龄，车况尚好');
INSERT INTO car VALUES(17, '粤B/3625警','小型轿车','大众朗逸','白色',5, '2013-1-1' ,4,'4年车龄，车况良好');
INSERT INTO car VALUES(18, '粤B/1538警','轻型普通货车','东风','白色',5, '2006-6-1' ,11,'欧洲城执勤点用，11年车龄，车况差');
INSERT INTO car VALUES(19, '粤BLN689','小型轿车','雅阁','黑',5, '2006-1-27' ,11,'11年车龄，车况良好');
INSERT INTO car VALUES(20, '粤BHZ525','小型客车','奥德赛','银',7, '2005-8-17' ,12,'唐教开会用。12年车龄，车况良好');
INSERT INTO car VALUES(21, '临B849RX','多用途车','汉兰达','黑色',7, '2017-2-26' ,0,'张所开会用。新分配的车');
INSERT INTO car VALUES(22, '临B624TP警','多用途车','汉兰达','兰白',7, '2017-2-26' ,0,'');
INSERT INTO car VALUES(23, '粤B/2710警','小型轿车','丰田卡罗拉','白色',5, '2010-4-1' ,7,'7年车龄，车况良好');
INSERT INTO car VALUES(24, '临粤B607TP','厢式运输车','江铃全顺','白色',3, '2017-2-1' ,0,'值班所领导调配用');
INSERT INTO car VALUES(25, '粤B/3069警','中型普通客车','全顺','白色',15, '2011-4-1' ,6,'6年车龄，车况一般。值班所领导调配用');
INSERT INTO car VALUES(26, '临粤B635TP','巡逻车','大通牌','兰白',13, '2017-2-1' ,0,'值班所领导调配用');
INSERT INTO car VALUES(27, '粤B830RX','运兵车','全顺','兰白',17, '2017-3-1' ,0,'参加大行动用(A牌)');

-- 插入车状态表
INSERT INTO car_status VALUES(1,   1, '空闲中', '正常', '100%', 0, 1, '正常', '正常', '' );
INSERT INTO car_status VALUES(2,   2, '空闲中', '正常', '100%', 0, 1, '正常', '正常', '' );
INSERT INTO car_status VALUES(3,   3, '空闲中', '正常', '100%', 0, 1, '正常', '正常', '' );
INSERT INTO car_status VALUES(4,   4, '空闲中', '正常', '100%', 0, 1, '正常', '正常', '' );
INSERT INTO car_status VALUES(5,   5, '空闲中', '正常', '100%', 0, 1, '正常', '正常', '' );
INSERT INTO car_status VALUES(6,   6, '空闲中', '正常', '100%', 0, 1, '正常', '正常', '' );
INSERT INTO car_status VALUES(7,   7, '空闲中', '正常', '100%', 0, 1, '正常', '正常', '' );
INSERT INTO car_status VALUES(8,   8, '空闲中', '正常', '100%', 0, 1, '正常', '正常', '' );
INSERT INTO car_status VALUES(9,   9, '空闲中', '正常', '100%', 0, 1, '正常', '正常', '' );
INSERT INTO car_status VALUES(10, 10, '空闲中', '正常', '100%', 0, 1, '正常', '正常', '');
INSERT INTO car_status VALUES(11, 11, '空闲中', '正常', '100%', 0, 1, '正常', '正常', '');
INSERT INTO car_status VALUES(12, 12, '空闲中', '正常', '100%', 0, 1, '正常', '正常', '');
INSERT INTO car_status VALUES(13, 13, '空闲中', '正常', '100%', 0, 1, '正常', '正常', '');
INSERT INTO car_status VALUES(14, 14, '空闲中', '正常', '100%', 0, 1, '正常', '正常', '');
INSERT INTO car_status VALUES(15, 15, '空闲中', '正常', '100%', 0, 1, '正常', '正常', '');
INSERT INTO car_status VALUES(16, 16, '空闲中', '正常', '100%', 0, 1, '正常', '正常', '');
INSERT INTO car_status VALUES(17, 17, '空闲中', '正常', '100%', 0, 1, '正常', '正常', '');
INSERT INTO car_status VALUES(18, 18, '空闲中', '正常', '100%', 0, 1, '正常', '正常', '');
INSERT INTO car_status VALUES(19, 19, '空闲中', '正常', '100%', 0, 1, '正常', '正常', '');
INSERT INTO car_status VALUES(20, 20, '空闲中', '正常', '100%', 0, 1, '正常', '正常', '');
INSERT INTO car_status VALUES(21, 21, '空闲中', '正常', '100%', 0, 1, '正常', '正常', '');
INSERT INTO car_status VALUES(22, 22, '空闲中', '正常', '100%', 0, 1, '正常', '正常', '');
INSERT INTO car_status VALUES(23, 23, '空闲中', '正常', '100%', 0, 1, '正常', '正常', '');
INSERT INTO car_status VALUES(24, 24, '空闲中', '正常', '100%', 0, 1, '正常', '正常', '');
INSERT INTO car_status VALUES(25, 25, '空闲中', '正常', '100%', 0, 1, '正常', '正常', '');
INSERT INTO car_status VALUES(26, 26, '空闲中', '正常', '100%', 0, 1, '正常', '正常', '');
INSERT INTO car_status VALUES(27, 27, '空闲中', '正常', '100%', 0, 1, '正常', '正常', '');

-- 插入车辆关联部门表
INSERT INTO org_car VALUES(1, 1, 32);
INSERT INTO org_car VALUES(2, 2, 32);
INSERT INTO org_car VALUES(3, 3, 32);
INSERT INTO org_car VALUES(4, 4, 8);
INSERT INTO org_car VALUES(5, 5, 8);
INSERT INTO org_car VALUES(6, 6, 8);
INSERT INTO org_car VALUES(7, 7, 8);
INSERT INTO org_car VALUES(8, 8, 32);
INSERT INTO org_car VALUES(9, 8, 8);
INSERT INTO org_car VALUES(10, 9, 10);
INSERT INTO org_car VALUES(11, 10, 15);
INSERT INTO org_car VALUES(12, 11, 33);
INSERT INTO org_car VALUES(13, 12, 16);
INSERT INTO org_car VALUES(14, 13, 16);
INSERT INTO org_car VALUES(15, 14, 16);
INSERT INTO org_car VALUES(16, 15, 16);
INSERT INTO org_car VALUES(17, 16, 16);
INSERT INTO org_car VALUES(18, 17, 16);
INSERT INTO org_car VALUES(19, 18, 16);
INSERT INTO org_car VALUES(20, 19, 2);
INSERT INTO org_car VALUES(21, 20, 2);
INSERT INTO org_car VALUES(22, 21, 2);
INSERT INTO org_car VALUES(23, 22, 2);
INSERT INTO org_car VALUES(24, 23, 6);
INSERT INTO org_car VALUES(25, 24, 34);
INSERT INTO org_car VALUES(26, 25, 34);
INSERT INTO org_car VALUES(27, 26, 34);
INSERT INTO org_car VALUES(28, 27, 34);
-- 插入用户表
INSERT INTO user (id, username, password, enabled) VALUES (	3	,'13602627666',	'$2a$10$xhPOMWCG7oAg44INLULGOuWQtJ4NRicETclUVMIR2q2M8l.E7y0/e',	TRUE);
INSERT INTO user (id, username, password, enabled) VALUES (	4	,'13923762901',	'$2a$10$xhPOMWCG7oAg44INLULGOuWQtJ4NRicETclUVMIR2q2M8l.E7y0/e',	TRUE);
INSERT INTO user (id, username, password, enabled) VALUES (	5	,'13823794545',	'$2a$10$xhPOMWCG7oAg44INLULGOuWQtJ4NRicETclUVMIR2q2M8l.E7y0/e',	TRUE);
INSERT INTO user (id, username, password, enabled) VALUES (	6	,'13510919000',	'$2a$10$xhPOMWCG7oAg44INLULGOuWQtJ4NRicETclUVMIR2q2M8l.E7y0/e',	TRUE);
INSERT INTO user (id, username, password, enabled) VALUES (	7	,'13609613919',	'$2a$10$xhPOMWCG7oAg44INLULGOuWQtJ4NRicETclUVMIR2q2M8l.E7y0/e',	TRUE);
INSERT INTO user (id, username, password, enabled) VALUES (	8	,'13510816373',	'$2a$10$xhPOMWCG7oAg44INLULGOuWQtJ4NRicETclUVMIR2q2M8l.E7y0/e',	TRUE);
INSERT INTO user (id, username, password, enabled) VALUES (	9	,'13554962976',	'$2a$10$xhPOMWCG7oAg44INLULGOuWQtJ4NRicETclUVMIR2q2M8l.E7y0/e',	TRUE);
INSERT INTO user (id, username, password, enabled) VALUES (	10	,'13923732718',	'$2a$10$xhPOMWCG7oAg44INLULGOuWQtJ4NRicETclUVMIR2q2M8l.E7y0/e',	TRUE);
INSERT INTO user (id, username, password, enabled) VALUES (	11	,'13600435311',	'$2a$10$xhPOMWCG7oAg44INLULGOuWQtJ4NRicETclUVMIR2q2M8l.E7y0/e',	TRUE);
INSERT INTO user (id, username, password, enabled) VALUES (	12	,'13802243440',	'$2a$10$xhPOMWCG7oAg44INLULGOuWQtJ4NRicETclUVMIR2q2M8l.E7y0/e',	TRUE);
INSERT INTO user (id, username, password, enabled) VALUES (	13	,'13924595109',	'$2a$10$xhPOMWCG7oAg44INLULGOuWQtJ4NRicETclUVMIR2q2M8l.E7y0/e',	TRUE);
INSERT INTO user (id, username, password, enabled) VALUES (	14	,'15813865626',	'$2a$10$xhPOMWCG7oAg44INLULGOuWQtJ4NRicETclUVMIR2q2M8l.E7y0/e',	TRUE);
INSERT INTO user (id, username, password, enabled) VALUES (	15	,'13602654033',	'$2a$10$xhPOMWCG7oAg44INLULGOuWQtJ4NRicETclUVMIR2q2M8l.E7y0/e',	TRUE);
INSERT INTO user (id, username, password, enabled) VALUES (	16	,'13823729130',	'$2a$10$xhPOMWCG7oAg44INLULGOuWQtJ4NRicETclUVMIR2q2M8l.E7y13/e',	TRUE);
INSERT INTO user (id, username, password, enabled) VALUES (	17	,'13688805858',	'$2a$10$xhPOMWCG7oAg44INLULGOuWQtJ4NRicETclUVMIR2q2M8l.E7y14/e',	TRUE);
INSERT INTO user (id, username, password, enabled) VALUES (	18	,'13798356316',	'$2a$10$xhPOMWCG7oAg44INLULGOuWQtJ4NRicETclUVMIR2q2M8l.E7y15/e',	TRUE);
INSERT INTO user (id, username, password, enabled) VALUES (	19	,'13825209534',	'$2a$10$xhPOMWCG7oAg44INLULGOuWQtJ4NRicETclUVMIR2q2M8l.E7y16/e',	TRUE);
INSERT INTO user (id, username, password, enabled) VALUES (	20	,'13714730382',	'$2a$10$xhPOMWCG7oAg44INLULGOuWQtJ4NRicETclUVMIR2q2M8l.E7y17/e',	TRUE);
INSERT INTO user (id, username, password, enabled) VALUES (	21	,'13808833448',	'$2a$10$xhPOMWCG7oAg44INLULGOuWQtJ4NRicETclUVMIR2q2M8l.E7y18/e',	TRUE);
INSERT INTO user (id, username, password, enabled) VALUES (	22	,'13923432963',	'$2a$10$xhPOMWCG7oAg44INLULGOuWQtJ4NRicETclUVMIR2q2M8l.E7y19/e',	TRUE);
INSERT INTO user (id, username, password, enabled) VALUES (	23	,'13603080228',	'$2a$10$xhPOMWCG7oAg44INLULGOuWQtJ4NRicETclUVMIR2q2M8l.E7y20/e',	TRUE);
INSERT INTO user (id, username, password, enabled) VALUES (	24	,'13809866848',	'$2a$10$xhPOMWCG7oAg44INLULGOuWQtJ4NRicETclUVMIR2q2M8l.E7y21/e',	TRUE);
INSERT INTO user (id, username, password, enabled) VALUES (	25	,'13802251863',	'$2a$10$xhPOMWCG7oAg44INLULGOuWQtJ4NRicETclUVMIR2q2M8l.E7y22/e',	TRUE);
INSERT INTO user (id, username, password, enabled) VALUES (	26	,'15817271786',	'$2a$10$xhPOMWCG7oAg44INLULGOuWQtJ4NRicETclUVMIR2q2M8l.E7y23/e',	TRUE);
INSERT INTO user (id, username, password, enabled) VALUES (	27	,'13510368880',	'$2a$10$xhPOMWCG7oAg44INLULGOuWQtJ4NRicETclUVMIR2q2M8l.E7y24/e',	TRUE);
INSERT INTO user (id, username, password, enabled) VALUES (	28	,'15807555088',	'$2a$10$xhPOMWCG7oAg44INLULGOuWQtJ4NRicETclUVMIR2q2M8l.E7y25/e',	TRUE);
INSERT INTO user (id, username, password, enabled) VALUES (	29	,'13632836886',	'$2a$10$xhPOMWCG7oAg44INLULGOuWQtJ4NRicETclUVMIR2q2M8l.E7y26/e',	TRUE);
INSERT INTO user (id, username, password, enabled) VALUES (	30	,'13662274422',	'$2a$10$xhPOMWCG7oAg44INLULGOuWQtJ4NRicETclUVMIR2q2M8l.E7y27/e',	TRUE);
INSERT INTO user (id, username, password, enabled) VALUES (	31	,'13537525345',	'$2a$10$xhPOMWCG7oAg44INLULGOuWQtJ4NRicETclUVMIR2q2M8l.E7y28/e',	TRUE);
INSERT INTO user (id, username, password, enabled) VALUES (	32	,'15818730927',	'$2a$10$xhPOMWCG7oAg44INLULGOuWQtJ4NRicETclUVMIR2q2M8l.E7y29/e',	TRUE);
INSERT INTO user (id, username, password, enabled) VALUES (	33	,'13509619527',	'$2a$10$xhPOMWCG7oAg44INLULGOuWQtJ4NRicETclUVMIR2q2M8l.E7y30/e',	TRUE);
INSERT INTO user (id, username, password, enabled) VALUES (	34	,'13922850528',	'$2a$10$xhPOMWCG7oAg44INLULGOuWQtJ4NRicETclUVMIR2q2M8l.E7y31/e',	TRUE);
INSERT INTO user (id, username, password, enabled) VALUES (	35	,'13724334006',	'$2a$10$xhPOMWCG7oAg44INLULGOuWQtJ4NRicETclUVMIR2q2M8l.E7y32/e',	TRUE);
INSERT INTO user (id, username, password, enabled) VALUES (	36	,'13509676260',	'$2a$10$xhPOMWCG7oAg44INLULGOuWQtJ4NRicETclUVMIR2q2M8l.E7y33/e',	TRUE);
INSERT INTO user (id, username, password, enabled) VALUES (	37	,'13510030608',	'$2a$10$xhPOMWCG7oAg44INLULGOuWQtJ4NRicETclUVMIR2q2M8l.E7y34/e',	TRUE);
INSERT INTO user (id, username, password, enabled) VALUES (	38	,'13823605862',	'$2a$10$xhPOMWCG7oAg44INLULGOuWQtJ4NRicETclUVMIR2q2M8l.E7y35/e',	TRUE);
INSERT INTO user (id, username, password, enabled) VALUES (	39	,'13828795143',	'$2a$10$xhPOMWCG7oAg44INLULGOuWQtJ4NRicETclUVMIR2q2M8l.E7y36/e',	TRUE);
INSERT INTO user (id, username, password, enabled) VALUES (	40	,'13823543110',	'$2a$10$xhPOMWCG7oAg44INLULGOuWQtJ4NRicETclUVMIR2q2M8l.E7y37/e',	TRUE);
INSERT INTO user (id, username, password, enabled) VALUES (	41	,'13510087524',	'$2a$10$xhPOMWCG7oAg44INLULGOuWQtJ4NRicETclUVMIR2q2M8l.E7y38/e',	TRUE);
INSERT INTO user (id, username, password, enabled) VALUES (	42	,'13556886228',	'$2a$10$xhPOMWCG7oAg44INLULGOuWQtJ4NRicETclUVMIR2q2M8l.E7y39/e',	TRUE);
INSERT INTO user (id, username, password, enabled) VALUES (	43	,'13823582822',	'$2a$10$xhPOMWCG7oAg44INLULGOuWQtJ4NRicETclUVMIR2q2M8l.E7y40/e',	TRUE);
INSERT INTO user (id, username, password, enabled) VALUES (	44	,'13480735162',	'$2a$10$xhPOMWCG7oAg44INLULGOuWQtJ4NRicETclUVMIR2q2M8l.E7y41/e',	TRUE);
INSERT INTO user (id, username, password, enabled) VALUES (	45	,'13510850522',	'$2a$10$xhPOMWCG7oAg44INLULGOuWQtJ4NRicETclUVMIR2q2M8l.E7y42/e',	TRUE);
INSERT INTO user (id, username, password, enabled) VALUES (	46	,'13510817676',	'$2a$10$xhPOMWCG7oAg44INLULGOuWQtJ4NRicETclUVMIR2q2M8l.E7y43/e',	TRUE);
INSERT INTO user (id, username, password, enabled) VALUES (	47	,'13602534703',	'$2a$10$xhPOMWCG7oAg44INLULGOuWQtJ4NRicETclUVMIR2q2M8l.E7y44/e',	TRUE);
INSERT INTO user (id, username, password, enabled) VALUES (	48	,'13823192745',	'$2a$10$xhPOMWCG7oAg44INLULGOuWQtJ4NRicETclUVMIR2q2M8l.E7y45/e',	TRUE);
INSERT INTO user (id, username, password, enabled) VALUES (	49	,'13692176929',	'$2a$10$xhPOMWCG7oAg44INLULGOuWQtJ4NRicETclUVMIR2q2M8l.E7y46/e',	TRUE);
INSERT INTO user (id, username, password, enabled) VALUES (	50	,'13923400853',	'$2a$10$xhPOMWCG7oAg44INLULGOuWQtJ4NRicETclUVMIR2q2M8l.E7y47/e',	TRUE);
INSERT INTO user (id, username, password, enabled) VALUES (	51	,'13823140498',	'$2a$10$xhPOMWCG7oAg44INLULGOuWQtJ4NRicETclUVMIR2q2M8l.E7y48/e',	TRUE);
INSERT INTO user (id, username, password, enabled) VALUES (	52	,'13760376080',	'$2a$10$xhPOMWCG7oAg44INLULGOuWQtJ4NRicETclUVMIR2q2M8l.E7y49/e',	TRUE);
INSERT INTO user (id, username, password, enabled) VALUES (	53	,'13928488288',	'$2a$10$xhPOMWCG7oAg44INLULGOuWQtJ4NRicETclUVMIR2q2M8l.E7y50/e',	TRUE);
INSERT INTO user (id, username, password, enabled) VALUES (	54	,'13692176929',	'$2a$10$xhPOMWCG7oAg44INLULGOuWQtJ4NRicETclUVMIR2q2M8l.E7y51/e',	TRUE);
INSERT INTO user (id, username, password, enabled) VALUES (	55	,'13798357527',	'$2a$10$xhPOMWCG7oAg44INLULGOuWQtJ4NRicETclUVMIR2q2M8l.E7y52/e',	TRUE);
INSERT INTO user (id, username, password, enabled) VALUES (	56	,'13530991832',	'$2a$10$xhPOMWCG7oAg44INLULGOuWQtJ4NRicETclUVMIR2q2M8l.E7y53/e',	TRUE);
INSERT INTO user (id, username, password, enabled) VALUES (	57	,'13632526584',	'$2a$10$xhPOMWCG7oAg44INLULGOuWQtJ4NRicETclUVMIR2q2M8l.E7y54/e',	TRUE);
INSERT INTO user (id, username, password, enabled) VALUES (	58	,'18822825008',	'$2a$10$xhPOMWCG7oAg44INLULGOuWQtJ4NRicETclUVMIR2q2M8l.E7y55/e',	TRUE);
INSERT INTO user (id, username, password, enabled) VALUES (	59	,'13510316531',	'$2a$10$xhPOMWCG7oAg44INLULGOuWQtJ4NRicETclUVMIR2q2M8l.E7y56/e',	TRUE);
INSERT INTO user (id, username, password, enabled) VALUES (	60	,'13480936586',	'$2a$10$xhPOMWCG7oAg44INLULGOuWQtJ4NRicETclUVMIR2q2M8l.E7y57/e',	TRUE);
INSERT INTO user (id, username, password, enabled) VALUES (	61	,'13603052113',	'$2a$10$xhPOMWCG7oAg44INLULGOuWQtJ4NRicETclUVMIR2q2M8l.E7y58/e',	TRUE);
INSERT INTO user (id, username, password, enabled) VALUES (	62	,'18170709789',	'$2a$10$xhPOMWCG7oAg44INLULGOuWQtJ4NRicETclUVMIR2q2M8l.E7y59/e',	TRUE);
INSERT INTO user (id, username, password, enabled) VALUES (	63	,'13510087524',	'$2a$10$xhPOMWCG7oAg44INLULGOuWQtJ4NRicETclUVMIR2q2M8l.E7y60/e',	TRUE);
INSERT INTO user (id, username, password, enabled) VALUES (	64	,'13714365456',	'$2a$10$xhPOMWCG7oAg44INLULGOuWQtJ4NRicETclUVMIR2q2M8l.E7y61/e',	TRUE);
INSERT INTO user (id, username, password, enabled) VALUES (	65	,'13560793893',	'$2a$10$xhPOMWCG7oAg44INLULGOuWQtJ4NRicETclUVMIR2q2M8l.E7y62/e',	TRUE);
INSERT INTO user (id, username, password, enabled) VALUES (	66	,'13602692333',	'$2a$10$xhPOMWCG7oAg44INLULGOuWQtJ4NRicETclUVMIR2q2M8l.E7y63/e',	TRUE);
INSERT INTO user (id, username, password, enabled) VALUES (	67	,'13902972132',	'$2a$10$xhPOMWCG7oAg44INLULGOuWQtJ4NRicETclUVMIR2q2M8l.E7y64/e',	TRUE);
INSERT INTO user (id, username, password, enabled) VALUES (	68	,'13510060940',	'$2a$10$xhPOMWCG7oAg44INLULGOuWQtJ4NRicETclUVMIR2q2M8l.E7y65/e',	TRUE);
INSERT INTO user (id, username, password, enabled) VALUES (	69	,'13602522329',	'$2a$10$xhPOMWCG7oAg44INLULGOuWQtJ4NRicETclUVMIR2q2M8l.E7y66/e',	TRUE);
INSERT INTO user (id, username, password, enabled) VALUES (	70	,'13823161466',	'$2a$10$xhPOMWCG7oAg44INLULGOuWQtJ4NRicETclUVMIR2q2M8l.E7y67/e',	TRUE);
INSERT INTO user (id, username, password, enabled) VALUES (	71	,'13631698662',	'$2a$10$xhPOMWCG7oAg44INLULGOuWQtJ4NRicETclUVMIR2q2M8l.E7y68/e',	TRUE);
INSERT INTO user (id, username, password, enabled) VALUES (	72	,'13922834293',	'$2a$10$xhPOMWCG7oAg44INLULGOuWQtJ4NRicETclUVMIR2q2M8l.E7y69/e',	TRUE);
INSERT INTO user (id, username, password, enabled) VALUES (	73	,'13602506000',	'$2a$10$xhPOMWCG7oAg44INLULGOuWQtJ4NRicETclUVMIR2q2M8l.E7y70/e',	TRUE);
INSERT INTO user (id, username, password, enabled) VALUES (	74	,'13417557228',	'$2a$10$xhPOMWCG7oAg44INLULGOuWQtJ4NRicETclUVMIR2q2M8l.E7y71/e',	TRUE);
INSERT INTO user (id, username, password, enabled) VALUES (	75	,'13802582886',	'$2a$10$xhPOMWCG7oAg44INLULGOuWQtJ4NRicETclUVMIR2q2M8l.E7y72/e',	TRUE);
INSERT INTO user (id, username, password, enabled) VALUES (	76	,'13510338863',	'$2a$10$xhPOMWCG7oAg44INLULGOuWQtJ4NRicETclUVMIR2q2M8l.E7y73/e',	TRUE);
INSERT INTO user (id, username, password, enabled) VALUES (	77	,'13554926660',	'$2a$10$xhPOMWCG7oAg44INLULGOuWQtJ4NRicETclUVMIR2q2M8l.E7y74/e',	TRUE);
INSERT INTO user (id, username, password, enabled) VALUES (	78	,'13603082221',	'$2a$10$xhPOMWCG7oAg44INLULGOuWQtJ4NRicETclUVMIR2q2M8l.E7y75/e',	TRUE);
--INSERT INTO user (id, username, password, enabled) VALUES (	79	,'13609613919',	'$2a$10$xhPOMWCG7oAg44INLULGOuWQtJ4NRicETclUVMIR2q2M8l.E7y76/e',	TRUE);
INSERT INTO user (id, username, password, enabled) VALUES (	80	,'13590160063',	'$2a$10$xhPOMWCG7oAg44INLULGOuWQtJ4NRicETclUVMIR2q2M8l.E7y77/e',	TRUE);
INSERT INTO user (id, username, password, enabled) VALUES (	81	,'13902925860',	'$2a$10$xhPOMWCG7oAg44INLULGOuWQtJ4NRicETclUVMIR2q2M8l.E7y78/e',	TRUE);
INSERT INTO user (id, username, password, enabled) VALUES (	82	,'13509646976',	'$2a$10$xhPOMWCG7oAg44INLULGOuWQtJ4NRicETclUVMIR2q2M8l.E7y79/e',	TRUE);
INSERT INTO user (id, username, password, enabled) VALUES (	83	,'13332932638',	'$2a$10$xhPOMWCG7oAg44INLULGOuWQtJ4NRicETclUVMIR2q2M8l.E7y80/e',	TRUE);
INSERT INTO user (id, username, password, enabled) VALUES (	84	,'13823368208',	'$2a$10$xhPOMWCG7oAg44INLULGOuWQtJ4NRicETclUVMIR2q2M8l.E7y81/e',	TRUE);
INSERT INTO user (id, username, password, enabled) VALUES (	85	,'13530398911',	'$2a$10$xhPOMWCG7oAg44INLULGOuWQtJ4NRicETclUVMIR2q2M8l.E7y82/e',	TRUE);
INSERT INTO user (id, username, password, enabled) VALUES (	86	,'13923788670',	'$2a$10$xhPOMWCG7oAg44INLULGOuWQtJ4NRicETclUVMIR2q2M8l.E7y83/e',	TRUE);
INSERT INTO user (id, username, password, enabled) VALUES (	87	,'13902966608',	'$2a$10$xhPOMWCG7oAg44INLULGOuWQtJ4NRicETclUVMIR2q2M8l.E7y84/e',	TRUE);
INSERT INTO user (id, username, password, enabled) VALUES (	88	,'13925268608',	'$2a$10$xhPOMWCG7oAg44INLULGOuWQtJ4NRicETclUVMIR2q2M8l.E7y85/e',	TRUE);
INSERT INTO user (id, username, password, enabled) VALUES (	89	,'13922848587',	'$2a$10$xhPOMWCG7oAg44INLULGOuWQtJ4NRicETclUVMIR2q2M8l.E7y86/e',	TRUE);
INSERT INTO user (id, username, password, enabled) VALUES (	90	,'13510398119',	'$2a$10$xhPOMWCG7oAg44INLULGOuWQtJ4NRicETclUVMIR2q2M8l.E7y87/e',	TRUE);
INSERT INTO user (id, username, password, enabled) VALUES (	91	,'13148880222',	'$2a$10$xhPOMWCG7oAg44INLULGOuWQtJ4NRicETclUVMIR2q2M8l.E7y88/e',	TRUE);
INSERT INTO user (id, username, password, enabled) VALUES (	92	,'13802206293',	'$2a$10$xhPOMWCG7oAg44INLULGOuWQtJ4NRicETclUVMIR2q2M8l.E7y89/e',	TRUE);
INSERT INTO user (id, username, password, enabled) VALUES (	93	,'13828700988',	'$2a$10$xhPOMWCG7oAg44INLULGOuWQtJ4NRicETclUVMIR2q2M8l.E7y90/e',	TRUE);
INSERT INTO user (id, username, password, enabled) VALUES (	94	,'15815581313',	'$2a$10$xhPOMWCG7oAg44INLULGOuWQtJ4NRicETclUVMIR2q2M8l.E7y91/e',	TRUE);
INSERT INTO user (id, username, password, enabled) VALUES (	95	,'13823500502',	'$2a$10$xhPOMWCG7oAg44INLULGOuWQtJ4NRicETclUVMIR2q2M8l.E7y92/e',	TRUE);
INSERT INTO user (id, username, password, enabled) VALUES (	96	,'13902916353',	'$2a$10$xhPOMWCG7oAg44INLULGOuWQtJ4NRicETclUVMIR2q2M8l.E7y93/e',	TRUE);
INSERT INTO user (id, username, password, enabled) VALUES (	97	,'13802566737',	'$2a$10$xhPOMWCG7oAg44INLULGOuWQtJ4NRicETclUVMIR2q2M8l.E7y94/e',	TRUE);
--INSERT INTO user (id, username, password, enabled) VALUES (	98	,'13609613919',	'$2a$10$xhPOMWCG7oAg44INLULGOuWQtJ4NRicETclUVMIR2q2M8l.E7y95/e',	TRUE);
INSERT INTO user (id, username, password, enabled) VALUES (	99	,'13510329989',	'$2a$10$xhPOMWCG7oAg44INLULGOuWQtJ4NRicETclUVMIR2q2M8l.E7y96/e',	TRUE);
UPDATE user SET PASSWORD = '$2a$06$aF1pH28EEthWpnUCV4XwLeEUDwOgd.dEAn4WOV99jyrjROhABnG/y' WHERE 1=1;
INSERT INTO profile VALUES(1,1,	 '13824390083','领导',0,'黄生','','060606','测试','',0,1,CURRENT_TIMESTAMP);
INSERT INTO profile VALUES(2,2,	 '13824390083','领导',0,'黄生','','060606','所长','',0,1,CURRENT_TIMESTAMP);
INSERT INTO profile VALUES(3,3,	 '13602627666','领导',0,'张军','','051964','所长','',0,1,CURRENT_TIMESTAMP);
INSERT INTO profile VALUES(4,4,	 '13923762901','领导',0,'唐明理','','056197','教导员','',0,2,CURRENT_TIMESTAMP);
INSERT INTO profile VALUES(5,5,	 '13823794545','领导',0,'李强','','061398','副所长','',0,3,CURRENT_TIMESTAMP);
INSERT INTO profile VALUES(6,6,	 '13510919000','领导',0,'陈松旺','','061353','副队长','',0,4,CURRENT_TIMESTAMP);
INSERT INTO profile VALUES(7,7,	 '13609613919','领导，队长',0,'黄孝英','','061173','副队长，巡逻队副队长，巡防队副队长','',0,5,CURRENT_TIMESTAMP);
INSERT INTO profile VALUES(8,8,	 '13510816373','队长',0,'古宜勇','','061008','代理队长','',0,6,CURRENT_TIMESTAMP);
INSERT INTO profile VALUES(9,9,	 '13554962976','队长',0,'林伟帮','','060959','代理队长','',0,7,CURRENT_TIMESTAMP);
INSERT INTO profile VALUES(10,10,'13923732718','车管员',0,'刘伟','','069580','财务','',0,8,CURRENT_TIMESTAMP);
INSERT INTO profile VALUES(11,11,'13600435311','民警',0,'张育桦','','068489','支援队民警','',0,9,CURRENT_TIMESTAMP);
INSERT INTO profile VALUES(12,12,'13802243440','车管员',0,'钟丽吟','','060488','支援队民警','',0,10,CURRENT_TIMESTAMP);
INSERT INTO profile VALUES(13,13,'13924595109','民警',0,'易莹芳','','055983','支援队民警','',0,11,CURRENT_TIMESTAMP);
INSERT INTO profile VALUES(14,14,'15813865626','民警',0,'王宇杰','','072708','支援队民警','',0,12,CURRENT_TIMESTAMP);
INSERT INTO profile VALUES(15,15,'13602654033','民警',0,'张莉莉','','061044','户政室民警','',0,13,CURRENT_TIMESTAMP);
INSERT INTO profile VALUES(16,16,'13823729130','民警',0,'杨远琴','','061084','户政室民警','',0,14,CURRENT_TIMESTAMP);
INSERT INTO profile VALUES(17,17,'13688805858','民警',0,'张淑銮','','068723','户政室民警','',0,15,CURRENT_TIMESTAMP);
INSERT INTO profile VALUES(18,18,'13798356316','民警',0,'林慧芳','','061278','户政室民警','',0,16,CURRENT_TIMESTAMP);
INSERT INTO profile VALUES(19,19,'13825209534','民警',0,'江洪涛','','060597','枪管组长','',0,17,CURRENT_TIMESTAMP);
INSERT INTO profile VALUES(20,20,'13714730382','民警',0,'曾锋良','','060954','枪管民警','',0,18,CURRENT_TIMESTAMP);
INSERT INTO profile VALUES(21,21,'13808833448','民警',0,'翟茂强','','058865','枪管民警','',0,19,CURRENT_TIMESTAMP);
INSERT INTO profile VALUES(22,22,'13923432963','民警',0,'陈实','','053942','枪管民警','',0,20,CURRENT_TIMESTAMP);
INSERT INTO profile VALUES(23,23,'13603080228','民警',0,'尹跃光','','060808','前台值班民警','',0,21,CURRENT_TIMESTAMP);
INSERT INTO profile VALUES(24,24,'13809866848','民警',0,'何新贇','','060363','前台值班民警','',0,22,CURRENT_TIMESTAMP);
INSERT INTO profile VALUES(25,25,'13802251863','民警',0,'陈杰义','','063836','前台值班民警','',0,23,CURRENT_TIMESTAMP);
INSERT INTO profile VALUES(26,26,'15817271786','民警',0,'丁杰','','070890','前台值班民警','',0,24,CURRENT_TIMESTAMP);
INSERT INTO profile VALUES(27,27,'13510368880','民警',0,'李岩','','053952','消防组组长','',0,25,CURRENT_TIMESTAMP);
INSERT INTO profile VALUES(28,28,'15807555088','民警',0,'黄志坚','','053973','消防民警','',0,26,CURRENT_TIMESTAMP);
INSERT INTO profile VALUES(29,29,'13632836886','民警',0,'陈文浩','','053985','消防民警','',0,27,CURRENT_TIMESTAMP);
INSERT INTO profile VALUES(30,30,'13662274422','民警',0,'谢礼伟','','068344','消防民警','',0,28,CURRENT_TIMESTAMP);
INSERT INTO profile VALUES(31,31,'13537525345','民警',0,'晏张华','','061004','视频研判组长','',0,29,CURRENT_TIMESTAMP);
INSERT INTO profile VALUES(32,32,'15818730927','民警',0,'董德明','','061025','视频研判民警','',0,30,CURRENT_TIMESTAMP);
INSERT INTO profile VALUES(33,33,'13509619527','领导',0,'张二辉','','061238','队长','',0,31,CURRENT_TIMESTAMP);
INSERT INTO profile VALUES(34,34,'13922850528','队长',0,'隆德才','','060823','代理队长','',0,32,CURRENT_TIMESTAMP);
INSERT INTO profile VALUES(35,35,'13724334006','民警',0,'涂黎明','','061012','重案一队','',0,33,CURRENT_TIMESTAMP);
INSERT INTO profile VALUES(36,36,'13509676260','民警',0,'潘星辉','','060708','重案一队','',0,34,CURRENT_TIMESTAMP);
INSERT INTO profile VALUES(37,37,'13510030608','民警',0,'唐海涛','','067232','重案一队','',0,35,CURRENT_TIMESTAMP);
INSERT INTO profile VALUES(38,38,'13823605862','队长',0,'何钰山','','065330','代理队长','',0,36,CURRENT_TIMESTAMP);
INSERT INTO profile VALUES(39,39,'13828795143','民警',0,'陈鑫','','065330','重案二队','',0,37,CURRENT_TIMESTAMP);
INSERT INTO profile VALUES(40,40,'13823543110','民警',0,'张佳荣','','071391','重案二队','',0,38,CURRENT_TIMESTAMP);
INSERT INTO profile VALUES(41,41,'13510087524','民警',0,'钟卫虹','','060553','重案队内勤民警','',0,39,CURRENT_TIMESTAMP);
INSERT INTO profile VALUES(42,42,'13556886228','民警',0,'唐冬雄','','060210','结案组组长','',0,40,CURRENT_TIMESTAMP);
INSERT INTO profile VALUES(43,43,'13823582822','民警',0,'张运荣','',' ','技术队主任','',0,41,CURRENT_TIMESTAMP);
INSERT INTO profile VALUES(44,44,'13480735162','民警',0,'贾子瑜','',' ','技术队民警','',0,42,CURRENT_TIMESTAMP);
INSERT INTO profile VALUES(45,45,'13510850522','民警',0,'邓圣辉','',' ','技术队民警','',0,43,CURRENT_TIMESTAMP);
INSERT INTO profile VALUES(46,46,'13510817676','民警',0,'陈洪海','',' ','技术队民警','',0,44,CURRENT_TIMESTAMP);
INSERT INTO profile VALUES(47,47,'13602534703','队长',0,'张延洪','','061118','侦办一队代理队长','',0,45,CURRENT_TIMESTAMP);
INSERT INTO profile VALUES(48,48,'13823192745','民警',0,'袁成彬','','072517','侦办一队民警','',0,46,CURRENT_TIMESTAMP);
INSERT INTO profile VALUES(49,49,'13692176929','民警',0,'葛良骏','','072282','侦办一队民警','',0,47,CURRENT_TIMESTAMP);
INSERT INTO profile VALUES(50,50,'13923400853','民警',0,'高永来','','060832','侦办一队民警','',0,48,CURRENT_TIMESTAMP);
INSERT INTO profile VALUES(51,51,'13823140498','队长',0,'苏章旋','','061300','侦办二队代理队长','',0,49,CURRENT_TIMESTAMP);
INSERT INTO profile VALUES(52,52,'13760376080','民警',0,'徐宁红','','066954','侦办二队民警','',0,50,CURRENT_TIMESTAMP);
INSERT INTO profile VALUES(53,53,'13928488288','民警',0,'谭剑锋','','061343','侦办二队民警','',0,51,CURRENT_TIMESTAMP);
INSERT INTO profile VALUES(54,54,'13692176929','民警',0,'李洪彦','','061285','侦办二队民警','',0,52,CURRENT_TIMESTAMP);
INSERT INTO profile VALUES(55,55,'13798357527','队长',0,'黄天云','','061381','侦办三队代理队长','',0,53,CURRENT_TIMESTAMP);
INSERT INTO profile VALUES(56,56,'13530991832','民警',0,'贺忠华','','070716','侦办三队民警','',0,54,CURRENT_TIMESTAMP);
INSERT INTO profile VALUES(57,57,'13632526584','民警',0,'龙杰锋','','072054','侦办三队民警','',0,55,CURRENT_TIMESTAMP);
INSERT INTO profile VALUES(58,58,'18822825008','民警',0,'罗易','',' ','侦办三队轮训','',0,56,CURRENT_TIMESTAMP);
INSERT INTO profile VALUES(59,59,'13510316531','队长',0,'陈荣斌','','067820','侦办四队代理队长','',0,57,CURRENT_TIMESTAMP);
INSERT INTO profile VALUES(60,60,'13480936586','民警',0,'曾波','','070904','侦办四队民警','',0,58,CURRENT_TIMESTAMP);
INSERT INTO profile VALUES(61,61,'13603052113','民警',0,'陈华','','060746','侦办四队民警','',0,59,CURRENT_TIMESTAMP);
INSERT INTO profile VALUES(62,62,'18170709789','民警',0,'龚雪梅','',' ','侦办四队民警','',0,60,CURRENT_TIMESTAMP);
INSERT INTO profile VALUES(63,63,'13510087524','民警',0,'钟卫虹','','060553','侦办队内勤民警','',0,61,CURRENT_TIMESTAMP);
INSERT INTO profile VALUES(64,64,'13714365456','民警',0,'吴钦楚','','061380','治安组组长','',0,62,CURRENT_TIMESTAMP);
INSERT INTO profile VALUES(65,65,'13560793893','民警',0,'刘自兴','','060995','治安组','',0,63,CURRENT_TIMESTAMP);
INSERT INTO profile VALUES(66,66,'13602692333','民警',0,'潘彤戈','','060963','峰景社区警长','',0,64,CURRENT_TIMESTAMP);
INSERT INTO profile VALUES(67,67,'13902972132','民警',0,'廖治安','','060931','龙辉社区警长','',0,65,CURRENT_TIMESTAMP);
INSERT INTO profile VALUES(68,68,'13510060940','民警',0,'李岳平','','061379','平山社区警长','',0,66,CURRENT_TIMESTAMP);
INSERT INTO profile VALUES(69,69,'13602522329','民警',0,'傅学君','','060885','龙井社区警长','',0,67,CURRENT_TIMESTAMP);
INSERT INTO profile VALUES(70,70,'13823161466','民警',0,'周坚裕','','060957','工业南社区警长','',0,68,CURRENT_TIMESTAMP);
INSERT INTO profile VALUES(71,71,'13631698662','民警',0,'梁力行','','069186','桃源社区警长','',0,69,CURRENT_TIMESTAMP);
INSERT INTO profile VALUES(72,72,'13922834293','民警',0,'陈俊谋','','060795','工业北社区警长','',0,70,CURRENT_TIMESTAMP);
INSERT INTO profile VALUES(73,73,'13602506000','民警',0,'林凡夫','','060796','珠光社区警长','',0,71,CURRENT_TIMESTAMP);
INSERT INTO profile VALUES(74,74,'13417557228','民警',0,'黎小毛','','060850','新屋社区警长','',0,72,CURRENT_TIMESTAMP);
INSERT INTO profile VALUES(75,75,'13802582886','民警',0,'谢凯毅','','061399','龙联社区警长','',0,73,CURRENT_TIMESTAMP);
INSERT INTO profile VALUES(76,76,'13510338863','民警',0,'金新发','','061033','龙珠社区警长','',0,74,CURRENT_TIMESTAMP);
INSERT INTO profile VALUES(77,77,'13554926660','民警',0,'陈奋英','','060986','光前社区警长','',0,75,CURRENT_TIMESTAMP);
INSERT INTO profile VALUES(78,78,'13603082221','民警',0,'钟巧雯','','060743','社区内勤民警','',0,76,CURRENT_TIMESTAMP);
INSERT INTO profile VALUES(80,80,'13590160063','民警',0,'赵彦昌','','060984','巡逻一队组长','',0,78,CURRENT_TIMESTAMP);
INSERT INTO profile VALUES(81,81,'13902925860','民警',0,'任毅','','060491','巡逻一队民警','',0,79,CURRENT_TIMESTAMP);
INSERT INTO profile VALUES(82,82,'13509646976','民警',0,'林彦壮','','069188','巡逻一队民警','',0,80,CURRENT_TIMESTAMP);
INSERT INTO profile VALUES(83,83,'13332932638','民警',0,'冼万山','','060962','巡逻一队民警','',0,81,CURRENT_TIMESTAMP);
INSERT INTO profile VALUES(84,84,'13823368208','民警',0,'古俊锋','','060815','巡逻二队组长','',0,82,CURRENT_TIMESTAMP);
INSERT INTO profile VALUES(85,85,'13530398911','民警',0,'杨德常','','060851','巡逻二队民警','',0,83,CURRENT_TIMESTAMP);
INSERT INTO profile VALUES(86,86,'13923788670','民警',0,'刘爱民','','067399','巡逻二队民警','',0,84,CURRENT_TIMESTAMP);
INSERT INTO profile VALUES(87,87,'13902966608','民警',0,'黎全','','067773','巡逻三队组长','',0,85,CURRENT_TIMESTAMP);
INSERT INTO profile VALUES(88,88,'13925268608','民警',0,'曾敏','','071837','巡逻三队民警','',0,86,CURRENT_TIMESTAMP);
INSERT INTO profile VALUES(89,89,'13922848587','民警',0,'何旭辉','','069175','巡逻三队民警','',0,87,CURRENT_TIMESTAMP);
INSERT INTO profile VALUES(90,90,'13510398119','民警',0,'陈荣钢','','053980','巡逻三队民警','',0,88,CURRENT_TIMESTAMP);
INSERT INTO profile VALUES(91,91,'13148880222','民警',0,'张展区','','060669','巡逻三队组长','',0,89,CURRENT_TIMESTAMP);
INSERT INTO profile VALUES(92,92,'13802206293','民警',0,'钟展辉','','060643','巡逻三队民警','',0,90,CURRENT_TIMESTAMP);
INSERT INTO profile VALUES(93,93,'13828700988','民警',0,'吴俊武','','061217','巡逻三队民警','',0,91,CURRENT_TIMESTAMP);
INSERT INTO profile VALUES(94,94,'15815581313','民警',0,'欧阳岗','','070724','巡逻三队民警','',0,92,CURRENT_TIMESTAMP);
INSERT INTO profile VALUES(95,95,'13823500502','民警',0,'熙锋','','055179','欧洲城巡逻组长','',0,93,CURRENT_TIMESTAMP);
INSERT INTO profile VALUES(96,96,'13902916353','民警',0,'张蜀生','','069454','欧洲城巡逻民警','',0,94,CURRENT_TIMESTAMP);
INSERT INTO profile VALUES(97,97,'13802566737','民警',0,'郭洪伟','','058434','欧洲城巡逻民警','',0,95,CURRENT_TIMESTAMP);
INSERT INTO profile VALUES(99,99,'13510329989','民警',0,'黄志强','','068370','巡防大队专管民警','',0,97,CURRENT_TIMESTAMP);

-- 插入用户组织关联表
INSERT INTO org_user VALUES(3,	3,	1);
INSERT INTO org_user VALUES(4,	4,	1);
INSERT INTO org_user VALUES(5,	5,	1);
INSERT INTO org_user VALUES(6,	6,	1);
INSERT INTO org_user VALUES(7,	7,	1);
INSERT INTO org_user VALUES(8,	8,	2);
INSERT INTO org_user VALUES(9,	9,	2);
INSERT INTO org_user VALUES(10,	10,	2);
INSERT INTO org_user VALUES(11,	11,	2);
INSERT INTO org_user VALUES(12,	12,	2);
INSERT INTO org_user VALUES(13,	13,	2);
INSERT INTO org_user VALUES(14,	14,	2);
INSERT INTO org_user VALUES(15,	15,	3);
INSERT INTO org_user VALUES(16,	16,	3);
INSERT INTO org_user VALUES(17,	17,	3);
INSERT INTO org_user VALUES(18,	18,	3);
INSERT INTO org_user VALUES(19,	19,	4);
INSERT INTO org_user VALUES(20,	20,	4);
INSERT INTO org_user VALUES(21,	21,	4);
INSERT INTO org_user VALUES(22,	22,	4);
INSERT INTO org_user VALUES(23,	23,	5);
INSERT INTO org_user VALUES(24,	24,	5);
INSERT INTO org_user VALUES(25,	25,	5);
INSERT INTO org_user VALUES(26,	26,	5);
INSERT INTO org_user VALUES(27,	27,	6);
INSERT INTO org_user VALUES(28,	28,	6);
INSERT INTO org_user VALUES(29,	29,	6);
INSERT INTO org_user VALUES(30,	30,	6);
INSERT INTO org_user VALUES(31,	31,	7);
INSERT INTO org_user VALUES(32,	32,	7);
INSERT INTO org_user VALUES(33,	33,	8);
INSERT INTO org_user VALUES(34,	34,	30);
INSERT INTO org_user VALUES(35,	35,	30);
INSERT INTO org_user VALUES(36,	36,	30);
INSERT INTO org_user VALUES(37,	37,	30);
INSERT INTO org_user VALUES(38,	38,	31);
INSERT INTO org_user VALUES(39,	39,	31);
INSERT INTO org_user VALUES(40,	40,	31);
INSERT INTO org_user VALUES(41,	41,	31);
INSERT INTO org_user VALUES(42,	42,	9);
INSERT INTO org_user VALUES(43,	43,	10);
INSERT INTO org_user VALUES(44,	44,	10);
INSERT INTO org_user VALUES(45,	45,	10);
INSERT INTO org_user VALUES(46,	46,	10);
INSERT INTO org_user VALUES(47,	47,	11);
INSERT INTO org_user VALUES(48,	48,	11);
INSERT INTO org_user VALUES(49,	49,	11);
INSERT INTO org_user VALUES(50,	50,	11);
INSERT INTO org_user VALUES(51,	51,	12);
INSERT INTO org_user VALUES(52,	52,	12);
INSERT INTO org_user VALUES(53,	53,	12);
INSERT INTO org_user VALUES(54,	54,	12);
INSERT INTO org_user VALUES(55,	55,	13);
INSERT INTO org_user VALUES(56,	56,	13);
INSERT INTO org_user VALUES(57,	57,	13);
INSERT INTO org_user VALUES(58,	58,	13);
INSERT INTO org_user VALUES(59,	59,	14);
INSERT INTO org_user VALUES(60,	60,	14);
INSERT INTO org_user VALUES(61,	61,	14);
INSERT INTO org_user VALUES(62,	62,	14);
INSERT INTO org_user VALUES(63,	63,	14);
INSERT INTO org_user VALUES(64,	64,	15);
INSERT INTO org_user VALUES(65,	65,	15);
INSERT INTO org_user VALUES(66,	66,	18);
INSERT INTO org_user VALUES(67,	67,	19);
INSERT INTO org_user VALUES(68,	68,	20);
INSERT INTO org_user VALUES(69,	69,	21);
INSERT INTO org_user VALUES(70,	70,	22);
INSERT INTO org_user VALUES(71,	71,	23);
INSERT INTO org_user VALUES(72,	72,	24);
INSERT INTO org_user VALUES(73,	73,	25);
INSERT INTO org_user VALUES(74,	74,	26);
INSERT INTO org_user VALUES(75,	75,	27);
INSERT INTO org_user VALUES(76,	76,	28);
INSERT INTO org_user VALUES(77,	77,	29);
INSERT INTO org_user VALUES(78,	78,	29);
INSERT INTO org_user VALUES(79,	7,	16);
INSERT INTO org_user VALUES(80,	80,	16);
INSERT INTO org_user VALUES(81,	81,	16);
INSERT INTO org_user VALUES(82,	82,	16);
INSERT INTO org_user VALUES(83,	83,	16);
INSERT INTO org_user VALUES(84,	84,	16);
INSERT INTO org_user VALUES(85,	85,	16);
INSERT INTO org_user VALUES(86,	86,	16);
INSERT INTO org_user VALUES(87,	87,	16);
INSERT INTO org_user VALUES(88,	88,	16);
INSERT INTO org_user VALUES(89,	89,	16);
INSERT INTO org_user VALUES(90,	90,	16);
INSERT INTO org_user VALUES(91,	91,	16);
INSERT INTO org_user VALUES(92,	92,	16);
INSERT INTO org_user VALUES(93,	93,	16);
INSERT INTO org_user VALUES(94,	94,	16);
INSERT INTO org_user VALUES(95,	95,	16);
INSERT INTO org_user VALUES(96,	96,	16);
INSERT INTO org_user VALUES(97,	97,	16);
INSERT INTO org_user VALUES(98,	7,	17);
INSERT INTO org_user VALUES(99,	99,	17);

-- 插入角色组织关联表
INSERT INTO org_role (role_id, org_id) VALUES (1, 35);
INSERT INTO org_role (role_id, org_id) VALUES (2, 35);
INSERT INTO org_role (role_id, org_id) VALUES (3, 35);
INSERT INTO org_role (role_id, org_id) VALUES (4, 35);


-- 插入责任领导表
INSERT INTO org_car_responsible(org_id, responsible_user_id) VALUES(32, 5);
INSERT INTO org_car_responsible(org_id, responsible_user_id) VALUES(8, 5);
INSERT INTO org_car_responsible(org_id, responsible_user_id) VALUES(10, 5);
INSERT INTO org_car_responsible(org_id, responsible_user_id) VALUES(15, 6);
INSERT INTO org_car_responsible(org_id, responsible_user_id) VALUES(33, 6);
INSERT INTO org_car_responsible(org_id, responsible_user_id) VALUES(16, 7);
INSERT INTO org_car_responsible(org_id, responsible_user_id) VALUES(2, 4);
INSERT INTO org_car_responsible(org_id, responsible_user_id) VALUES(6, 4);
INSERT INTO org_car_responsible(org_id, responsible_user_id) VALUES(34, 4);
INSERT INTO org_car_responsible(org_id, responsible_user_id) VALUES(34, 5);
INSERT INTO org_car_responsible(org_id, responsible_user_id) VALUES(34, 6);
INSERT INTO org_car_responsible(org_id, responsible_user_id) VALUES(34, 7);
INSERT INTO org_car_responsible(org_id, responsible_user_id) VALUES(34, 33);

-- 插入普通领导表
INSERT INTO org_car_manage(org_id, manage_user_id) VALUES(2, 8);
INSERT INTO org_car_manage(org_id, manage_user_id) VALUES(2, 9);
INSERT INTO org_car_manage(org_id, manage_user_id) VALUES(30, 34);
INSERT INTO org_car_manage(org_id, manage_user_id) VALUES(31, 38);
INSERT INTO org_car_manage(org_id, manage_user_id) VALUES(11, 47);
INSERT INTO org_car_manage(org_id, manage_user_id) VALUES(12, 51);
INSERT INTO org_car_manage(org_id, manage_user_id) VALUES(13, 55);
INSERT INTO org_car_manage(org_id, manage_user_id) VALUES(14, 59);
INSERT INTO org_car_manage(org_id, manage_user_id) VALUES(16, 7);
INSERT INTO org_car_manage(org_id, manage_user_id) VALUES(17, 7);

INSERT INTO user_role (user_id, role_id) VALUES (3,3);
INSERT INTO user_role (user_id, role_id) VALUES (4,3);
INSERT INTO user_role (user_id, role_id) VALUES (5,3);
INSERT INTO user_role (user_id, role_id) VALUES (6,3);
INSERT INTO user_role (user_id, role_id) VALUES (7,3);
INSERT INTO user_role (user_id, role_id) VALUES (8,3);
INSERT INTO user_role (user_id, role_id) VALUES (9,3);
INSERT INTO user_role (user_id, role_id) VALUES (10,3);
INSERT INTO user_role (user_id, role_id) VALUES (12,3);
INSERT INTO user_role (user_id, role_id) VALUES (33,3);
INSERT INTO user_role (user_id, role_id) VALUES (34,3);
INSERT INTO user_role (user_id, role_id) VALUES (38,3);
INSERT INTO user_role (user_id, role_id) VALUES (47,3);
INSERT INTO user_role (user_id, role_id) VALUES (55,3);
INSERT INTO user_role (user_id, role_id) VALUES (59,3);

INSERT INTO user_role (user_id, role_id) VALUES (3,4);
INSERT INTO user_role (user_id, role_id) VALUES (4,4);
INSERT INTO user_role (user_id, role_id) VALUES (5,4);
INSERT INTO user_role (user_id, role_id) VALUES (6,4);
INSERT INTO user_role (user_id, role_id) VALUES (7,4);
INSERT INTO user_role (user_id, role_id) VALUES (8,4);
INSERT INTO user_role (user_id, role_id) VALUES (9,4);
INSERT INTO user_role (user_id, role_id) VALUES (10,1);
INSERT INTO user_role (user_id, role_id) VALUES (11,3);
INSERT INTO user_role (user_id, role_id) VALUES (12,1);
INSERT INTO user_role (user_id, role_id) VALUES (13,3);
INSERT INTO user_role (user_id, role_id) VALUES (14,3);
INSERT INTO user_role (user_id, role_id) VALUES (15,3);
INSERT INTO user_role (user_id, role_id) VALUES (16,3);
INSERT INTO user_role (user_id, role_id) VALUES (17,3);
INSERT INTO user_role (user_id, role_id) VALUES (18,3);
INSERT INTO user_role (user_id, role_id) VALUES (19,3);
INSERT INTO user_role (user_id, role_id) VALUES (20,3);
INSERT INTO user_role (user_id, role_id) VALUES (21,3);
INSERT INTO user_role (user_id, role_id) VALUES (22,3);
INSERT INTO user_role (user_id, role_id) VALUES (23,3);
INSERT INTO user_role (user_id, role_id) VALUES (24,3);
INSERT INTO user_role (user_id, role_id) VALUES (25,3);
INSERT INTO user_role (user_id, role_id) VALUES (26,3);
INSERT INTO user_role (user_id, role_id) VALUES (27,3);
INSERT INTO user_role (user_id, role_id) VALUES (28,3);
INSERT INTO user_role (user_id, role_id) VALUES (29,3);
INSERT INTO user_role (user_id, role_id) VALUES (30,3);
INSERT INTO user_role (user_id, role_id) VALUES (31,3);
INSERT INTO user_role (user_id, role_id) VALUES (32,3);
INSERT INTO user_role (user_id, role_id) VALUES (33,4);
INSERT INTO user_role (user_id, role_id) VALUES (34,4);
INSERT INTO user_role (user_id, role_id) VALUES (35,3);
INSERT INTO user_role (user_id, role_id) VALUES (36,3);
INSERT INTO user_role (user_id, role_id) VALUES (37,3);
INSERT INTO user_role (user_id, role_id) VALUES (38,4);
INSERT INTO user_role (user_id, role_id) VALUES (39,3);
INSERT INTO user_role (user_id, role_id) VALUES (40,3);
INSERT INTO user_role (user_id, role_id) VALUES (41,3);
INSERT INTO user_role (user_id, role_id) VALUES (42,3);
INSERT INTO user_role (user_id, role_id) VALUES (43,3);
INSERT INTO user_role (user_id, role_id) VALUES (44,3);
INSERT INTO user_role (user_id, role_id) VALUES (45,3);
INSERT INTO user_role (user_id, role_id) VALUES (46,3);
INSERT INTO user_role (user_id, role_id) VALUES (47,4);
INSERT INTO user_role (user_id, role_id) VALUES (48,3);
INSERT INTO user_role (user_id, role_id) VALUES (49,3);
INSERT INTO user_role (user_id, role_id) VALUES (50,3);
INSERT INTO user_role (user_id, role_id) VALUES (51,4);
INSERT INTO user_role (user_id, role_id) VALUES (52,3);
INSERT INTO user_role (user_id, role_id) VALUES (53,3);
INSERT INTO user_role (user_id, role_id) VALUES (54,3);
INSERT INTO user_role (user_id, role_id) VALUES (55,4);
INSERT INTO user_role (user_id, role_id) VALUES (56,3);
INSERT INTO user_role (user_id, role_id) VALUES (57,3);
INSERT INTO user_role (user_id, role_id) VALUES (58,3);
INSERT INTO user_role (user_id, role_id) VALUES (59,4);
INSERT INTO user_role (user_id, role_id) VALUES (60,3);
INSERT INTO user_role (user_id, role_id) VALUES (61,3);
INSERT INTO user_role (user_id, role_id) VALUES (62,3);
INSERT INTO user_role (user_id, role_id) VALUES (63,3);
INSERT INTO user_role (user_id, role_id) VALUES (64,3);
INSERT INTO user_role (user_id, role_id) VALUES (65,3);
INSERT INTO user_role (user_id, role_id) VALUES (66,3);
INSERT INTO user_role (user_id, role_id) VALUES (67,3);
INSERT INTO user_role (user_id, role_id) VALUES (68,3);
INSERT INTO user_role (user_id, role_id) VALUES (69,3);
INSERT INTO user_role (user_id, role_id) VALUES (70,3);
INSERT INTO user_role (user_id, role_id) VALUES (71,3);
INSERT INTO user_role (user_id, role_id) VALUES (72,3);
INSERT INTO user_role (user_id, role_id) VALUES (73,3);
INSERT INTO user_role (user_id, role_id) VALUES (74,3);
INSERT INTO user_role (user_id, role_id) VALUES (75,3);
INSERT INTO user_role (user_id, role_id) VALUES (76,3);
INSERT INTO user_role (user_id, role_id) VALUES (77,3);
INSERT INTO user_role (user_id, role_id) VALUES (78,3);
INSERT INTO user_role (user_id, role_id) VALUES (80,3);
INSERT INTO user_role (user_id, role_id) VALUES (81,3);
INSERT INTO user_role (user_id, role_id) VALUES (82,3);
INSERT INTO user_role (user_id, role_id) VALUES (83,3);
INSERT INTO user_role (user_id, role_id) VALUES (84,3);
INSERT INTO user_role (user_id, role_id) VALUES (85,3);
INSERT INTO user_role (user_id, role_id) VALUES (86,3);
INSERT INTO user_role (user_id, role_id) VALUES (87,3);
INSERT INTO user_role (user_id, role_id) VALUES (88,3);
INSERT INTO user_role (user_id, role_id) VALUES (89,3);
INSERT INTO user_role (user_id, role_id) VALUES (90,3);
INSERT INTO user_role (user_id, role_id) VALUES (91,3);
INSERT INTO user_role (user_id, role_id) VALUES (92,3);
INSERT INTO user_role (user_id, role_id) VALUES (93,3);
INSERT INTO user_role (user_id, role_id) VALUES (94,3);
INSERT INTO user_role (user_id, role_id) VALUES (95,3);
INSERT INTO user_role (user_id, role_id) VALUES (96,3);
INSERT INTO user_role (user_id, role_id) VALUES (97,3);
INSERT INTO user_role (user_id, role_id) VALUES (99,3);