-- liquibase formatted sql
-- changeset zhiyuan.huang:1
insert into dictionary_type values(1, 'CAR_STATUS', '', '车状态', 'CZT',  '车辆的状态下拉列表', '自定义', CURRENT_TIMESTAMP, CURRENT_TIMESTAMP);
insert into dictionary_type values(2, 'CAR_ORG', '', '车部门', 'CBM',  '车辆所属部门下拉列表', '自定义', CURRENT_TIMESTAMP, CURRENT_TIMESTAMP);
insert into dictionary_type values(3, 'CAR_GAS', '', '车剩余油量', 'CSYYL',  '车辆剩余油量下拉列表', '自定义', CURRENT_TIMESTAMP, CURRENT_TIMESTAMP);
insert into dictionary_type values(4, 'CAR_HEALTH', '', '车健康状况', 'CJKZK',  '车辆健康状况下拉列表', '自定义', CURRENT_TIMESTAMP, CURRENT_TIMESTAMP);
insert into dictionary_type values(5, 'CAR_DAMAGED', '', '车维修部件', 'CWXBJ',  '车辆维修部件下拉列表', '自定义', CURRENT_TIMESTAMP, CURRENT_TIMESTAMP);
insert into dictionary_type values(6, 'DESTINATION', '', '目的地', 'MDD',  '申请车辆目的地下拉列表', '自定义', CURRENT_TIMESTAMP, CURRENT_TIMESTAMP);
insert into dictionary_type values(7, 'REASON', '', '事由', 'SY',  '申请车辆事由下拉列表', '自定义', CURRENT_TIMESTAMP, CURRENT_TIMESTAMP);
insert into dictionary_type values(8, 'EARLY_WARNING', '', '车辆预警', 'CLYJ',  '车辆预警下拉列表', '自定义', CURRENT_TIMESTAMP, CURRENT_TIMESTAMP);
insert into dictionary_type values(9, 'IDENTITY', '', '身份标识', 'SFBS',  '身份标识下拉列表', '自定义', CURRENT_TIMESTAMP, CURRENT_TIMESTAMP);
insert into dictionary_type values(10, 'RECORD_TYPE', '', '记录类型', 'JLLX',  '记录类型下拉列表', '自定义', CURRENT_TIMESTAMP, CURRENT_TIMESTAMP);
insert into dictionary_type values(11, 'CAR_COLOR', '', '车辆颜色', 'CLYS',  '车辆颜色列表', '自定义', CURRENT_TIMESTAMP, CURRENT_TIMESTAMP);
insert into dictionary_type values(12, 'CAR_TYPE', '', '车辆型号', 'CLXH',  '车辆型号列表', '自定义', CURRENT_TIMESTAMP, CURRENT_TIMESTAMP);
-- insert into dictionary_type values(11, 'CAR_BRAND', '', '车辆品牌', 'CLPP',  '车辆品牌列表', '自定义', CURRENT_TIMESTAMP, CURRENT_TIMESTAMP);

insert into dictionary values(1, 'CAR_STATUS', '', 'A00120170001', '空闲中', 'KXZ', '1', '空闲状态', '自定义', CURRENT_TIMESTAMP, CURRENT_TIMESTAMP);
insert into dictionary values(2, 'CAR_STATUS', '', 'A00120170002', '使用中', 'SYZ', '2', '使用中状态', '自定义', CURRENT_TIMESTAMP, CURRENT_TIMESTAMP);
insert into dictionary values(3, 'CAR_STATUS', '', 'A00120170003', '维修中', 'WXZ', '3', '维修中状态', '自定义', CURRENT_TIMESTAMP, CURRENT_TIMESTAMP);
insert into dictionary values(4, 'CAR_ORG', '', 'A00120170004', '本部门', 'BBM', '1', '本部门', '自定义', CURRENT_TIMESTAMP, CURRENT_TIMESTAMP);
insert into dictionary values(5, 'CAR_ORG', '', 'A00120170005', '其它部门', 'QTBM', '2', '其它部门', '自定义', CURRENT_TIMESTAMP, CURRENT_TIMESTAMP);
insert into dictionary values(6, 'CAR_GAS', '', 'A00120170006', '0-20%', '0-20%', '1', '剩余0-20%油量，属于低油量', '自定义', CURRENT_TIMESTAMP, CURRENT_TIMESTAMP);
insert into dictionary values(7, 'CAR_GAS', '', 'A00120170007', '20%-40%', '20%-40%', '2', '剩余20%-40%油量', '自定义', CURRENT_TIMESTAMP, CURRENT_TIMESTAMP);
insert into dictionary values(8, 'CAR_GAS', '', 'A00120170008', '40%—60%', '40%—60%', '3', '剩余40%-60%油量', '自定义', CURRENT_TIMESTAMP, CURRENT_TIMESTAMP);
insert into dictionary values(9, 'CAR_GAS', '', 'A00120170009', '60%-80%', '60%-80%', '4', '剩余60%-80%油量', '自定义', CURRENT_TIMESTAMP, CURRENT_TIMESTAMP);
insert into dictionary values(10, 'CAR_GAS', '', 'A00120170010', '80%-100%', '80%-100%', '5', '剩余80%-100%油量', '自定义', CURRENT_TIMESTAMP, CURRENT_TIMESTAMP);
insert into dictionary values(11, 'CAR_HEALTH', '', 'A00120170011', '正常', 'ZC', '1', '车况为正常', '自定义', CURRENT_TIMESTAMP, CURRENT_TIMESTAMP);
insert into dictionary values(12, 'CAR_HEALTH', '', 'A00120170012', '异常但暂不需维修', 'YCDZBXWX', '2', '车况为异常但暂不需维修', '自定义', CURRENT_TIMESTAMP, CURRENT_TIMESTAMP);
insert into dictionary values(13, 'CAR_HEALTH', '', 'A00120170013', '需维修', 'XWX', '3', '车况为需维修', '自定义', CURRENT_TIMESTAMP, CURRENT_TIMESTAMP);
insert into dictionary values(14, 'CAR_DAMAGED', '', 'A00120170014', '车门', 'CM', '2', '需维修部件为车门', '自定义', CURRENT_TIMESTAMP, CURRENT_TIMESTAMP);
insert into dictionary values(15, 'CAR_DAMAGED', '', 'A00120170015', '车窗', 'CC', '3', '需维修部件为车窗', '自定义', CURRENT_TIMESTAMP, CURRENT_TIMESTAMP);
insert into dictionary values(16, 'CAR_DAMAGED', '', 'A00120170016', '轮胎', 'JT', '4', '需维修部件为轮胎', '自定义', CURRENT_TIMESTAMP, CURRENT_TIMESTAMP);
insert into dictionary values(17, 'CAR_DAMAGED', '', 'A00120170017', '刹车', 'SC', '5', '需维修部件为刹车', '自定义', CURRENT_TIMESTAMP, CURRENT_TIMESTAMP);
insert into dictionary values(18, 'CAR_DAMAGED', '', 'A00120170018', '其他', 'QT', '6', '需维修部件为其他部件', '自定义', CURRENT_TIMESTAMP, CURRENT_TIMESTAMP);
insert into dictionary values(19, 'DESTINATION', '', 'A00120170019', '市内', 'SN', '1', '目的地为市内', '自定义', CURRENT_TIMESTAMP, CURRENT_TIMESTAMP);
insert into dictionary values(20, 'DESTINATION', '', 'A00120170020', '市外', 'SW', '2', '目的地为市外', '自定义', CURRENT_TIMESTAMP, CURRENT_TIMESTAMP);
insert into dictionary values(21, 'DESTINATION', '', 'A00120170021', '省外', 'SW', '3', '目的地为省外', '自定义', CURRENT_TIMESTAMP, CURRENT_TIMESTAMP);
insert into dictionary values(26, 'EARLY_WARNING', '', 'A00120170026', '正常', 'ZC', '1', '预警状态为正常', '自定义', CURRENT_TIMESTAMP, CURRENT_TIMESTAMP);
insert into dictionary values(27, 'EARLY_WARNING', '', 'A00120170027', '油耗预警', 'YHYJ', '2', '预警状态为油耗预警', '自定义', CURRENT_TIMESTAMP, CURRENT_TIMESTAMP);
insert into dictionary values(28, 'EARLY_WARNING', '', 'A00120170028', '维修预警', 'WXYJ', '3', '预警状态为维修预警', '自定义', CURRENT_TIMESTAMP, CURRENT_TIMESTAMP);
insert into dictionary values(29, 'EARLY_WARNING', '', 'A00120170029', '维修中', 'WXZ', '4', '预警状态为维修中', '自定义', CURRENT_TIMESTAMP, CURRENT_TIMESTAMP);
insert into dictionary values(30, 'CAR_DAMAGED', '', 'A00120170030', '正常', 'ZC', '1', '正常表示没有需要维修的部件', '自定义', CURRENT_TIMESTAMP, CURRENT_TIMESTAMP);
insert into dictionary values(31, 'IDENTITY', '', 'A00120170031', '队长', 'DZ', '1', '身份标识为队长', '自定义', CURRENT_TIMESTAMP, CURRENT_TIMESTAMP);
insert into dictionary values(32, 'IDENTITY', '', 'A00120170032', '领导', 'LD', '2', '身份标识为领导', '自定义', CURRENT_TIMESTAMP, CURRENT_TIMESTAMP);
insert into dictionary values(33, 'IDENTITY', '', 'A00120170033', '车管员', 'CGY', '3', '身份标识为车管员', '自定义', CURRENT_TIMESTAMP, CURRENT_TIMESTAMP);
insert into dictionary values(34, 'RECORD_TYPE', '', 'A00120170034', '申请记录', 'SQJL', '1', '记录类型为申请记录', '自定义', CURRENT_TIMESTAMP, CURRENT_TIMESTAMP);
insert into dictionary values(35, 'RECORD_TYPE', '', 'A00120170035', '维修记录', 'WXJL', '2', '记录类型为维修记录', '自定义', CURRENT_TIMESTAMP, CURRENT_TIMESTAMP);
insert into dictionary values(36, 'CAR_COLOR', '', 'A00120170036','白色','BS','1', '白色', '自定义', CURRENT_TIMESTAMP, CURRENT_TIMESTAMP);
insert into dictionary values(37, 'CAR_COLOR', '', 'A00120170037','银色','YS','2', '银色', '自定义', CURRENT_TIMESTAMP, CURRENT_TIMESTAMP);
insert into dictionary values(38, 'CAR_COLOR', '', 'A00120170038','黑色','HS','3', '黑色', '自定义', CURRENT_TIMESTAMP, CURRENT_TIMESTAMP);
insert into dictionary values(39, 'CAR_COLOR', '', 'A00120170039','灰色','HS','4', '灰色', '自定义', CURRENT_TIMESTAMP, CURRENT_TIMESTAMP);
insert into dictionary values(40, 'CAR_COLOR', '', 'A00120170040','红色','HS','5', '红色', '自定义', CURRENT_TIMESTAMP, CURRENT_TIMESTAMP);
insert into dictionary values(41, 'CAR_COLOR', '', 'A00120170041','蓝色','LS','6', '蓝色', '自定义', CURRENT_TIMESTAMP, CURRENT_TIMESTAMP);
insert into dictionary values(42, 'CAR_COLOR', '', 'A00120170042','棕色','ZS','7', '棕色', '自定义', CURRENT_TIMESTAMP, CURRENT_TIMESTAMP);
insert into dictionary values(43, 'CAR_COLOR', '', 'A00120170043','绿色','LS','8', '绿色', '自定义', CURRENT_TIMESTAMP, CURRENT_TIMESTAMP);
insert into dictionary values(44, 'CAR_COLOR', '', 'A00120170044','黄色','HS','9', '黄色', '自定义', CURRENT_TIMESTAMP, CURRENT_TIMESTAMP);
insert into dictionary values(45, 'CAR_COLOR', '', 'A00120170045','其他','QT','10', '其他', '自定义', CURRENT_TIMESTAMP, CURRENT_TIMESTAMP);
insert into dictionary values(46, 'CAR_TYPE','', 'A00120170046','小型轿车','XXJC','1', '', '自定义', CURRENT_TIMESTAMP, CURRENT_TIMESTAMP);
insert into dictionary values(47, 'CAR_TYPE','', 'A00120170047','小型客车','XXKC','2', '', '自定义', CURRENT_TIMESTAMP, CURRENT_TIMESTAMP);
insert into dictionary values(48, 'CAR_TYPE','', 'A00120170048','中型客车','ZXKC','3', '', '自定义', CURRENT_TIMESTAMP, CURRENT_TIMESTAMP);
insert into dictionary values(49, 'CAR_TYPE','', 'A00120170049','小型货车','XXHC','4', '', '自定义', CURRENT_TIMESTAMP, CURRENT_TIMESTAMP);
insert into dictionary values(50, 'CAR_TYPE','', 'A00120170050','巡逻车','XLC','5', '', '自定义', CURRENT_TIMESTAMP, CURRENT_TIMESTAMP);
insert into dictionary values(51, 'CAR_TYPE','', 'A00120170051','运兵车','YBC','6', '', '自定义', CURRENT_TIMESTAMP, CURRENT_TIMESTAMP);
insert into dictionary values(52, 'CAR_TYPE','', 'A00120170052','押解车','YJC','7', '', '自定义', CURRENT_TIMESTAMP, CURRENT_TIMESTAMP);
insert into dictionary values(53, 'CAR_TYPE','', 'A00120170053','多用途车','DYTC','8', '', '自定义', CURRENT_TIMESTAMP, CURRENT_TIMESTAMP);
insert into dictionary values(54, 'CAR_TYPE','', 'A00120170054','厢式运输车','XSYSC','9', '', '自定义', CURRENT_TIMESTAMP, CURRENT_TIMESTAMP);
insert into dictionary values(55, 'CAR_TYPE','', 'A00120170055','超跑','CP','10', '', '自定义', CURRENT_TIMESTAMP, CURRENT_TIMESTAMP);
insert into dictionary values(56, 'REASON', '', 'A00120170022', '开会', 'KH', '1', '', '自定义', CURRENT_TIMESTAMP, CURRENT_TIMESTAMP);
insert into dictionary values(57, 'REASON', '', 'A00120170023', '送件', 'SJ', '2', '', '自定义', CURRENT_TIMESTAMP, CURRENT_TIMESTAMP);
insert into dictionary values(58, 'REASON', '', 'A00120170024', '执勤', 'ZQ', '3', '', '自定义', CURRENT_TIMESTAMP, CURRENT_TIMESTAMP);
insert into dictionary values(59, 'REASON', '', 'A00120170025', '巡逻', 'XL', '4', '', '自定义', CURRENT_TIMESTAMP, CURRENT_TIMESTAMP);
insert into dictionary values(60, 'REASON', '', 'A00120170023', '调证', 'DZ', '2', '', '自定义', CURRENT_TIMESTAMP, CURRENT_TIMESTAMP);
insert into dictionary values(61, 'REASON', '', 'A00120170024', '提审', 'TS', '3', '', '自定义', CURRENT_TIMESTAMP, CURRENT_TIMESTAMP);
insert into dictionary values(62, 'REASON', '', 'A00120170025', '出差', 'CC', '4', '', '自定义', CURRENT_TIMESTAMP, CURRENT_TIMESTAMP);
insert into dictionary values(63, 'REASON', '', 'A00120170023', '培训', 'PX', '2', '', '自定义', CURRENT_TIMESTAMP, CURRENT_TIMESTAMP);
insert into dictionary values(64, 'REASON', '', 'A00120170024', '安保', 'AB', '3', '', '自定义', CURRENT_TIMESTAMP, CURRENT_TIMESTAMP);
insert into dictionary values(65, 'REASON', '', 'A00120170025', '调研', 'DY', '4', '', '自定义', CURRENT_TIMESTAMP, CURRENT_TIMESTAMP);


insert into dic_dictype(dictionary_type_id, dictionary_id) values (1, 1);
insert into dic_dictype(dictionary_type_id, dictionary_id) values (1, 2);
insert into dic_dictype(dictionary_type_id, dictionary_id) values (1, 3);
insert into dic_dictype(dictionary_type_id, dictionary_id) values (2, 4);
insert into dic_dictype(dictionary_type_id, dictionary_id) values (2, 5);
insert into dic_dictype(dictionary_type_id, dictionary_id) values (3, 6);
insert into dic_dictype(dictionary_type_id, dictionary_id) values (3, 7);
insert into dic_dictype(dictionary_type_id, dictionary_id) values (3, 8);
insert into dic_dictype(dictionary_type_id, dictionary_id) values (3, 9);
insert into dic_dictype(dictionary_type_id, dictionary_id) values (3, 10);
insert into dic_dictype(dictionary_type_id, dictionary_id) values (4, 11);
insert into dic_dictype(dictionary_type_id, dictionary_id) values (4, 12);
insert into dic_dictype(dictionary_type_id, dictionary_id) values (4, 13);
insert into dic_dictype(dictionary_type_id, dictionary_id) values (5, 14);
insert into dic_dictype(dictionary_type_id, dictionary_id) values (5, 15);
insert into dic_dictype(dictionary_type_id, dictionary_id) values (5, 16);
insert into dic_dictype(dictionary_type_id, dictionary_id) values (5, 17);
insert into dic_dictype(dictionary_type_id, dictionary_id) values (5, 18);
insert into dic_dictype(dictionary_type_id, dictionary_id) values (6, 19);
insert into dic_dictype(dictionary_type_id, dictionary_id) values (6, 20);
insert into dic_dictype(dictionary_type_id, dictionary_id) values (6, 21);
insert into dic_dictype(dictionary_type_id, dictionary_id) values (7, 56);
insert into dic_dictype(dictionary_type_id, dictionary_id) values (7, 57);
insert into dic_dictype(dictionary_type_id, dictionary_id) values (7, 58);
insert into dic_dictype(dictionary_type_id, dictionary_id) values (7, 59);
insert into dic_dictype(dictionary_type_id, dictionary_id) values (7, 60);
insert into dic_dictype(dictionary_type_id, dictionary_id) values (7, 61);
insert into dic_dictype(dictionary_type_id, dictionary_id) values (7, 62);
insert into dic_dictype(dictionary_type_id, dictionary_id) values (7, 63);
insert into dic_dictype(dictionary_type_id, dictionary_id) values (7, 64);
insert into dic_dictype(dictionary_type_id, dictionary_id) values (7, 65);
insert into dic_dictype(dictionary_type_id, dictionary_id) values (8, 26);
insert into dic_dictype(dictionary_type_id, dictionary_id) values (8, 27);
insert into dic_dictype(dictionary_type_id, dictionary_id) values (8, 28);
insert into dic_dictype(dictionary_type_id, dictionary_id) values (8, 29);
insert into dic_dictype(dictionary_type_id, dictionary_id) values (5, 30);
insert into dic_dictype(dictionary_type_id, dictionary_id) values (9, 31);
insert into dic_dictype(dictionary_type_id, dictionary_id) values (9, 32);
insert into dic_dictype(dictionary_type_id, dictionary_id) values (9, 33);
insert into dic_dictype(dictionary_type_id, dictionary_id) values (10, 34);
insert into dic_dictype(dictionary_type_id, dictionary_id) values (10, 35);
insert into dic_dictype(dictionary_type_id, dictionary_id) values (11, 36);
insert into dic_dictype(dictionary_type_id, dictionary_id) values (11, 37);
insert into dic_dictype(dictionary_type_id, dictionary_id) values (11, 38);
insert into dic_dictype(dictionary_type_id, dictionary_id) values (11, 39);
insert into dic_dictype(dictionary_type_id, dictionary_id) values (11, 40);
insert into dic_dictype(dictionary_type_id, dictionary_id) values (11, 41);
insert into dic_dictype(dictionary_type_id, dictionary_id) values (11, 42);
insert into dic_dictype(dictionary_type_id, dictionary_id) values (11, 43);
insert into dic_dictype(dictionary_type_id, dictionary_id) values (11, 44);
insert into dic_dictype(dictionary_type_id, dictionary_id) values (11, 45);
insert into dic_dictype(dictionary_type_id, dictionary_id) values (12, 46);
insert into dic_dictype(dictionary_type_id, dictionary_id) values (12, 47);
insert into dic_dictype(dictionary_type_id, dictionary_id) values (12, 48);
insert into dic_dictype(dictionary_type_id, dictionary_id) values (12, 49);
insert into dic_dictype(dictionary_type_id, dictionary_id) values (12, 50);
insert into dic_dictype(dictionary_type_id, dictionary_id) values (12, 51);
insert into dic_dictype(dictionary_type_id, dictionary_id) values (12, 52);
insert into dic_dictype(dictionary_type_id, dictionary_id) values (12, 53);
insert into dic_dictype(dictionary_type_id, dictionary_id) values (12, 54);
insert into dic_dictype(dictionary_type_id, dictionary_id) values (12, 55);
